line01,星期一-星期五,全天
line02,星期一-星期五,全天
line03,星期一-星期五,全天
line04,星期一-星期五,全天
line05,星期一-星期五,全天
line06,星期一-星期五,全天
line07,星期一-星期五,全天
line08,星期一-星期五,全天
line10,星期一-星期五,全天
line11,星期一-星期五,全天
line12,星期一-星期五,全天
line14,星期一-星期五,全天
line15,星期一-星期五,全天
line17,星期一-星期五,全天
line18,星期一-星期五,全天
line19,星期一-星期五,全天
line20,星期一-星期五,全天
line30,星期一-星期五,全天
line31,星期一-星期五,全天
line32,星期一-星期五,全天
line33,星期一-星期五,全天
line34,星期一-星期五,全天
line35,星期一-星期五,全天
line36,星期一-星期五,全天
line37,星期一-星期五,全天
line38,星期一-星期五,全天
line39,星期一-星期五,全天
line40,星期一-星期五,全天
line41,星期一-星期五,全天
line42,星期一-星期五,全天
line43,星期一-星期五,全天
